audit,id,label,note
A1_topic_precision,cd004285,dental,
A1_topic_precision,cd037645,dental,
A1_topic_precision,cd031584,dental,
A1_topic_precision,cd008360,dental,
A1_topic_precision,cd068431,dental,
A1_topic_precision,cd031355,not_dental,
A1_topic_precision,cd069102,dental,
A1_topic_precision,cd100204,dental,
A1_topic_precision,cd074102,dental,
A1_topic_precision,cd062590,borderline,
A1_topic_precision,cd006366,not_dental,
A1_topic_precision,cd086905,dental,
A1_topic_precision,cd080704,dental,
A1_topic_precision,cd108820,dental,
A1_topic_precision,cd033551,dental,
A1_topic_precision,cd075189,not_dental,
A1_topic_precision,cd077372,dental,
A1_topic_precision,cd065396,dental,
A1_topic_precision,cd077536,dental,
A1_topic_precision,cd092053,dental,
A1_topic_precision,cd094180,dental,
A1_topic_precision,cd043520,dental,
A1_topic_precision,cd036194,not_dental,
A1_topic_precision,cd101663,not_dental,
A1_topic_precision,cd071599,dental,
A1_topic_precision,cd062832,dental,
A1_topic_precision,cd008999,dental,
A1_topic_precision,cd065612,borderline,
A1_topic_precision,cd053930,dental,
A1_topic_precision,cd088505,dental,
A1_topic_precision,cd093480,not_dental,
A1_topic_precision,cd027423,not_dental,
A1_topic_precision,cd074407,not_dental,
A1_topic_precision,cd055233,dental,
A1_topic_precision,cd089702,dental,
A1_topic_precision,cd108435,dental,
A1_topic_precision,cd047867,borderline,
A1_topic_precision,cd106036,borderline,
A1_topic_precision,cd097276,dental,
A1_topic_precision,cd027801,dental,
A1_topic_precision,cd030976,dental,
A1_topic_precision,cd059927,borderline,
A1_topic_precision,cd107454,dental,
A1_topic_precision,cd015675,not_dental,
A1_topic_precision,cd037983,not_dental,
A1_topic_precision,cd027529,dental,
A1_topic_precision,cd020157,dental,
A1_topic_precision,cd077626,dental,
A1_topic_precision,cd045781,dental,
A1_topic_precision,cd064112,dental,
A1_topic_precision,cd100005,not_dental,
A1_topic_precision,cd063447,dental,
A1_topic_precision,cd034683,dental,
A1_topic_precision,cd021422,borderline,
A1_topic_precision,cd037742,dental,
A1_topic_precision,cd060380,dental,
A1_topic_precision,cd103973,dental,
A1_topic_precision,cd015461,dental,
A1_topic_precision,cd095211,dental,
A1_topic_precision,cd048362,dental,
A1_topic_precision,cd077637,dental,
A1_topic_precision,cd062794,dental,
A1_topic_precision,cd109517,dental,
A1_topic_precision,cd000291,dental,
A1_topic_precision,cd084676,dental,
A1_topic_precision,cd112144,dental,
A1_topic_precision,cd026943,dental,
A1_topic_precision,cd000694,dental,
A1_topic_precision,cd059155,dental,
A1_topic_precision,cd075207,dental,
A1_topic_precision,cd087914,dental,
A1_topic_precision,cd061023,dental,
A1_topic_precision,cd034733,dental,
A1_topic_precision,cd005125,dental,
A1_topic_precision,cd051797,dental,
A1_topic_precision,cd066929,dental,
A1_topic_precision,cd043064,dental,
A1_topic_precision,cd014330,dental,
A1_topic_precision,cd069248,dental,
A1_topic_precision,cd110737,dental,
A1_topic_precision,cd083739,dental,
A1_topic_precision,cd029730,dental,
A1_topic_precision,cd044303,not_dental,
A1_topic_precision,cd063044,dental,
A1_topic_precision,cd086440,borderline,
A1_topic_precision,cd085820,dental,
A1_topic_precision,cd035773,dental,
A1_topic_precision,cd036313,dental,
A1_topic_precision,cd045224,dental,
A1_topic_precision,cd001377,dental,
A1_topic_precision,cd087783,borderline,
A1_topic_precision,cd089023,not_dental,
A1_topic_precision,cd062373,dental,
A1_topic_precision,cd035989,dental,
A1_topic_precision,cd092146,dental,
A1_topic_precision,cd052584,dental,
A1_topic_precision,cd007274,not_dental,
A1_topic_precision,cd038164,dental,
A1_topic_precision,cd095206,dental,
A1_topic_precision,cd051110,dental,
A1_topic_precision,cd106487,dental,
A1_topic_precision,cd072372,dental,
A1_topic_precision,cd053408,not_dental,
A1_topic_precision,cd014674,dental,
A1_topic_precision,cd111571,not_dental,
A1_topic_precision,cd100389,dental,
A1_topic_precision,cd023918,borderline,
A1_topic_precision,cd097218,dental,
A1_topic_precision,cd093841,dental,
A1_topic_precision,cd060436,borderline,
A1_topic_precision,cd078717,dental,
A1_topic_precision,cd013868,borderline,
A1_topic_precision,cd003212,dental,
A1_topic_precision,cd096338,not_dental,
A1_topic_precision,cd063813,dental,
A1_topic_precision,cd009719,dental,
A1_topic_precision,cd017060,dental,
A1_topic_precision,cd080548,dental,
A1_topic_precision,cd098267,dental,
A1_topic_precision,cd043633,dental,
A1_topic_precision,cd040017,dental,
A1_topic_precision,cd046134,not_dental,
A1_topic_precision,cd029164,borderline,
A1_topic_precision,cd108844,dental,
A1_topic_precision,cd064517,dental,
A1_topic_precision,cd100712,not_dental,
A1_topic_precision,cd038035,dental,
A1_topic_precision,cd082723,dental,
A1_topic_precision,cd090370,borderline,
A1_topic_precision,cd015629,dental,
A1_topic_precision,cd031915,dental,
A1_topic_precision,cd012054,dental,
A1_topic_precision,cd050246,dental,
A1_topic_precision,cd052044,dental,
A1_topic_precision,cd062484,dental,
A1_topic_precision,cd092592,dental,
A1_topic_precision,cd051612,dental,
A1_topic_precision,cd022885,dental,
A1_topic_precision,cd077202,dental,
A1_topic_precision,cd089097,not_dental,
A1_topic_precision,cd081347,not_dental,
A1_topic_precision,cd020981,not_dental,
A1_topic_precision,cd058408,dental,
A1_topic_precision,cd080577,not_dental,
A1_topic_precision,cd026001,dental,
A1_topic_precision,cd017106,not_dental,
A1_topic_precision,cd023690,dental,
A1_topic_precision,cd020189,borderline,
A1_topic_precision,cd028598,dental,
A1_topic_precision,cd001137,dental,
A1_topic_precision,cd032682,not_dental,
A1_topic_precision,cd058394,dental,
A1_topic_precision,cd025511,dental,
A1_topic_precision,cd045208,dental,
A1_topic_precision,cd078547,dental,
A1_topic_precision,cd029337,dental,
A1_topic_precision,cd018788,dental,
A1_topic_precision,cd086848,not_dental,
A1_topic_precision,cd096617,dental,
A1_topic_precision,cd007397,dental,
A1_topic_precision,cd016263,dental,
A1_topic_precision,cd081060,not_dental,
A1_topic_precision,cd103943,dental,
A1_topic_precision,cd012560,dental,
A1_topic_precision,cd098075,not_dental,
A1_topic_precision,cd013873,dental,
A1_topic_precision,cd063715,dental,
A1_topic_precision,cd100290,dental,
A1_topic_precision,cd111536,dental,
A1_topic_precision,cd020333,dental,
A1_topic_precision,cd081101,dental,
A1_topic_precision,cd058085,not_dental,
A1_topic_precision,cd068254,dental,
A1_topic_precision,cd103894,dental,
A1_topic_precision,cd041346,dental,
A1_topic_precision,cd029037,borderline,
A1_topic_precision,cd039014,dental,
A1_topic_precision,cd029863,dental,
A1_topic_precision,cd055135,dental,
A1_topic_precision,cd086781,dental,
A1_topic_precision,cd048547,dental,
A1_topic_precision,cd060858,borderline,
A1_topic_precision,cd086867,borderline,
A1_topic_precision,cd085395,dental,
A1_topic_precision,cd088205,dental,
A1_topic_precision,cd030041,dental,
A1_topic_precision,cd066507,dental,
A1_topic_precision,cd087406,dental,
A1_topic_precision,cd064408,dental,
A1_topic_precision,cd074561,not_dental,
A1_topic_precision,cd024707,dental,
A1_topic_precision,cd103807,dental,
A1_topic_precision,cd096274,dental,
A1_topic_precision,cd049642,dental,
A1_topic_precision,cd064084,dental,
A1_topic_precision,cd052133,dental,
A1_topic_precision,cd012061,dental,
A1_topic_precision,cd106526,dental,
A1_topic_precision,cd067293,dental,
A1_topic_precision,cd033451,dental,
A2_topic_recall,cd049511,not_dental,
A2_topic_recall,cd062169,not_dental,
A2_topic_recall,cd025984,not_dental,
A2_topic_recall,cd068226,not_dental,
A2_topic_recall,cd061549,not_dental,
A2_topic_recall,cd104954,not_dental,
A2_topic_recall,cd102237,not_dental,
A2_topic_recall,cd043684,not_dental,
A2_topic_recall,cd011346,dental_missed,
A2_topic_recall,cd086656,not_dental,
A2_topic_recall,cd006470,not_dental,
A2_topic_recall,cd005779,not_dental,
A2_topic_recall,cd009197,dental_missed,
A2_topic_recall,cd086414,not_dental,
A2_topic_recall,cd098400,not_dental,
A2_topic_recall,cd034331,borderline_missed,
A2_topic_recall,cd015625,not_dental,
A2_topic_recall,cd094444,not_dental,
A2_topic_recall,cd004777,not_dental,
A2_topic_recall,cd100410,not_dental,
A2_topic_recall,cd000051,borderline_missed,
A2_topic_recall,cd100326,not_dental,
A2_topic_recall,cd062828,not_dental,
A2_topic_recall,cd073336,not_dental,
A2_topic_recall,cd034436,not_dental,
A2_topic_recall,cd065156,not_dental,
A2_topic_recall,cd011444,not_dental,
A2_topic_recall,cd081803,not_dental,
A2_topic_recall,cd010828,not_dental,
A2_topic_recall,cd038997,not_dental,
A2_topic_recall,cd067258,not_dental,
A2_topic_recall,cd035410,not_dental,
A2_topic_recall,cd063285,not_dental,
A2_topic_recall,cd100463,not_dental,
A2_topic_recall,cd083187,not_dental,
A2_topic_recall,cd109581,not_dental,
A2_topic_recall,cd092064,not_dental,
A2_topic_recall,cd026712,not_dental,
A2_topic_recall,cd002489,borderline_missed,
A2_topic_recall,cd054688,dental_missed,
A2_topic_recall,cd085797,not_dental,
A2_topic_recall,cd008878,not_dental,
A2_topic_recall,cd083302,not_dental,
A2_topic_recall,cd035270,not_dental,
A2_topic_recall,cd093638,not_dental,
A2_topic_recall,cd002108,not_dental,
A2_topic_recall,cd031457,not_dental,
A2_topic_recall,cd038793,not_dental,
A2_topic_recall,cd045204,not_dental,
A2_topic_recall,cd040796,not_dental,
A2_topic_recall,cd014339,not_dental,
A2_topic_recall,cd000030,not_dental,
A2_topic_recall,cd067075,not_dental,
A2_topic_recall,cd061801,not_dental,
A2_topic_recall,cd079947,not_dental,
A2_topic_recall,cd066106,not_dental,
A2_topic_recall,cd000264,not_dental,
A2_topic_recall,cd097615,not_dental,
A2_topic_recall,cd106645,not_dental,
A2_topic_recall,cd005606,not_dental,
A2_topic_recall,cd006098,not_dental,
A2_topic_recall,cd079893,not_dental,
A2_topic_recall,cd010486,not_dental,
A2_topic_recall,cd087251,not_dental,
A2_topic_recall,cd081505,not_dental,
A2_topic_recall,cd032107,not_dental,
A2_topic_recall,cd019012,not_dental,
A2_topic_recall,cd073636,not_dental,
A2_topic_recall,cd009559,not_dental,
A2_topic_recall,cd000523,not_dental,
A2_topic_recall,cd094477,borderline_missed,
A2_topic_recall,cd091694,not_dental,
A2_topic_recall,cd101239,not_dental,
A2_topic_recall,cd019503,dental_missed,jaw swelling
A2_topic_recall,cd060211,not_dental,
A2_topic_recall,cd086086,dental_missed,
A2_topic_recall,cd066987,not_dental,
A2_topic_recall,cd079354,not_dental,
A2_topic_recall,cd065387,not_dental,
A2_topic_recall,cd072699,not_dental,
A2_topic_recall,cd025934,not_dental,
A2_topic_recall,cd036252,not_dental,
A2_topic_recall,cd062067,not_dental,
A2_topic_recall,cd057120,not_dental,
A2_topic_recall,cd058918,not_dental,
A2_topic_recall,cd074381,dental_missed,
A2_topic_recall,cd005251,borderline_missed,
A2_topic_recall,cd025840,not_dental,
A2_topic_recall,cd003863,not_dental,
A2_topic_recall,cd085181,not_dental,
A2_topic_recall,cd111626,not_dental,
A2_topic_recall,cd018462,not_dental,
A2_topic_recall,cd025224,not_dental,
A2_topic_recall,cd091009,not_dental,
A2_topic_recall,cd006830,not_dental,
A2_topic_recall,cd048536,not_dental,
A2_topic_recall,cd099643,dental_missed,
A2_topic_recall,cd051344,dental_missed,fillings - loose term needs tooth word
A2_topic_recall,cd050652,not_dental,
A2_topic_recall,cd015471,not_dental,
A2_topic_recall,cd032908,not_dental,
A2_topic_recall,cd031399,dental_missed,
A2_topic_recall,cd083160,not_dental,
A2_topic_recall,cd025226,not_dental,
A2_topic_recall,cd024431,not_dental,
A2_topic_recall,cd105611,dental_missed,
A2_topic_recall,cd093463,not_dental,
A2_topic_recall,cd049313,not_dental,
A2_topic_recall,cd103614,not_dental,
A2_topic_recall,cd067141,not_dental,
A2_topic_recall,cd071488,not_dental,
A2_topic_recall,cd092075,not_dental,
A2_topic_recall,cd072812,not_dental,
A2_topic_recall,cd100486,not_dental,
A2_topic_recall,cd075196,not_dental,
A2_topic_recall,cd031911,not_dental,
A2_topic_recall,cd103409,not_dental,
A2_topic_recall,cd017131,borderline_missed,
A2_topic_recall,cd007371,not_dental,
A2_topic_recall,cd053517,not_dental,
A2_topic_recall,cd107322,borderline_missed,
A2_topic_recall,cd058300,not_dental,
A2_topic_recall,cd068615,borderline_missed,
A2_topic_recall,cd016203,not_dental,
A2_topic_recall,cd045147,not_dental,
A2_topic_recall,cd087719,not_dental,
A2_topic_recall,cd078119,not_dental,
A2_topic_recall,cd014275,not_dental,
A2_topic_recall,cd096308,not_dental,
A2_topic_recall,cd071366,not_dental,
A2_topic_recall,cd040136,not_dental,
A2_topic_recall,cd076616,not_dental,
A2_topic_recall,cd002808,not_dental,
A2_topic_recall,cd044773,not_dental,
A2_topic_recall,cd060846,dental_missed,
A2_topic_recall,cd008302,not_dental,
A2_topic_recall,cd086680,not_dental,
A2_topic_recall,cd071654,not_dental,
A2_topic_recall,cd095167,not_dental,
A2_topic_recall,cd000252,not_dental,
A2_topic_recall,cd026711,not_dental,
A2_topic_recall,cd026330,not_dental,
A2_topic_recall,cd092488,not_dental,
A2_topic_recall,cd018980,borderline_missed,
A2_topic_recall,cd042597,not_dental,
A2_topic_recall,cd000274,not_dental,
A2_topic_recall,cd098207,not_dental,
A2_topic_recall,cd111636,not_dental,
A2_topic_recall,cd083666,dental_missed,cheek swelling
A2_topic_recall,cd111039,not_dental,
A2_topic_recall,cd034253,not_dental,
A2_topic_recall,cd073284,not_dental,
A2_topic_recall,cd075012,not_dental,
A2_topic_recall,cd095587,borderline_missed,
A2_topic_recall,cd088263,not_dental,
A2_topic_recall,cd101286,not_dental,
A2_topic_recall,cd102117,not_dental,
A2_topic_recall,cd077692,not_dental,
A2_topic_recall,cd050345,not_dental,
A2_topic_recall,cd078695,not_dental,
A2_topic_recall,cd047742,not_dental,
A2_topic_recall,cd007099,not_dental,
A2_topic_recall,cd097472,borderline_missed,
A2_topic_recall,cd045873,not_dental,
A2_topic_recall,cd030856,not_dental,
A2_topic_recall,cd041459,not_dental,
A2_topic_recall,cd083498,not_dental,
A2_topic_recall,cd077615,not_dental,
A2_topic_recall,cd091035,not_dental,
A2_topic_recall,cd012082,not_dental,
A2_topic_recall,cd054992,not_dental,
A2_topic_recall,cd012319,not_dental,
A2_topic_recall,cd081325,not_dental,
A2_topic_recall,cd063156,not_dental,
A2_topic_recall,cd067726,not_dental,
A2_topic_recall,cd073992,not_dental,
A2_topic_recall,cd042005,not_dental,
A2_topic_recall,cd059310,not_dental,
A2_topic_recall,cd073467,not_dental,
A2_topic_recall,cd033638,not_dental,
A2_topic_recall,cd090687,not_dental,
A2_topic_recall,cd001404,not_dental,
A2_topic_recall,cd048625,not_dental,
A2_topic_recall,cd111735,not_dental,
A2_topic_recall,cd103675,not_dental,
A2_topic_recall,cd053525,not_dental,
A2_topic_recall,cd065451,not_dental,
A2_topic_recall,cd029397,not_dental,
A2_topic_recall,cd072420,not_dental,
A2_topic_recall,cd003300,not_dental,
A2_topic_recall,cd042168,not_dental,
A2_topic_recall,cd072443,not_dental,
A2_topic_recall,cd042131,not_dental,
A2_topic_recall,cd050092,not_dental,
A2_topic_recall,cd061931,not_dental,
A2_topic_recall,cd090691,borderline_missed,
A2_topic_recall,cd004850,not_dental,
A2_topic_recall,cd001312,not_dental,
A2_topic_recall,cd062122,dental_missed,
A2_topic_recall,cd043924,dental_missed,
A3_clean_residual,cd092026,truncated_or_empty,
A3_clean_residual,cd102441,clean,
A3_clean_residual,cd005073,clean,
A3_clean_residual,cd009836,clean,
A3_clean_residual,cd085447,clean,
A3_clean_residual,cd045588,clean,
A3_clean_residual,cd093509,clean,
A3_clean_residual,cd040324,clean,
A3_clean_residual,cd092288,clean,
A3_clean_residual,cd099933,clean,
A3_clean_residual,cd096008,clean,
A3_clean_residual,cd089588,clean,
A3_clean_residual,cd034918,clean,
A3_clean_residual,cd049478,clean,
A3_clean_residual,cd064374,clean,
A3_clean_residual,cd093532,otc_product,
A3_clean_residual,cd053930,clean,
A3_clean_residual,cd075926,clean,
A3_clean_residual,cd100215,clean,
A3_clean_residual,cd056272,clean,
A3_clean_residual,cd028815,drug_name,petrol DT / erosion forte
A3_clean_residual,cd065595,clean,
A3_clean_residual,cd081744,drug_name;dose,
A3_clean_residual,cd025885,clean,
A3_clean_residual,cd054003,clean,
A3_clean_residual,cd096272,clean,
A3_clean_residual,cd099325,clean,
A3_clean_residual,cd003174,clean,
A3_clean_residual,cd021455,clean,
A3_clean_residual,cd056490,clean,
A3_clean_residual,cd103324,clean,
A3_clean_residual,cd072284,clean,
A3_clean_residual,cd070694,clean,
A3_clean_residual,cd096490,clean,
A3_clean_residual,cd070643,truncated_or_empty,
A3_clean_residual,cd011136,drug_name;definitive_diagnosis,
A3_clean_residual,cd038496,clean,
A3_clean_residual,cd010215,clean,
A3_clean_residual,cd037066,clean,
A3_clean_residual,cd021422,clean,
A3_clean_residual,cd107211,clean,
A3_clean_residual,cd050326,clean,
A3_clean_residual,cd064020,clean,
A3_clean_residual,cd040829,clean,
A3_clean_residual,cd103964,clean,
A3_clean_residual,cd054779,clean,
A3_clean_residual,cd093457,clean,
A3_clean_residual,cd092719,clean,
A3_clean_residual,cd029935,clean,
A3_clean_residual,cd032913,truncated_or_empty,
A3_clean_residual,cd045325,clean,
A3_clean_residual,cd085777,clean,
A3_clean_residual,cd029745,clean,
A3_clean_residual,cd016072,drug_name,Mention violet
A3_clean_residual,cd032577,clean,
A3_clean_residual,cd025863,clean,
A3_clean_residual,cd056043,clean,
A3_clean_residual,cd108820,clean,
A3_clean_residual,cd084358,drug_name;dose,
A3_clean_residual,cd086394,clean,
A3_clean_residual,cd087239,definitive_diagnosis,
A3_clean_residual,cd009730,clean,
A3_clean_residual,cd052279,drug_name,choral forte
A3_clean_residual,cd046326,clean,
A3_clean_residual,cd000502,truncated_or_empty,
A3_clean_residual,cd027999,clean,
A3_clean_residual,cd010909,clean,
A3_clean_residual,cd032318,clean,
A3_clean_residual,cd014246,supplement,
A3_clean_residual,cd023211,clean,
A3_clean_residual,cd104738,clean,
A3_clean_residual,cd075207,clean,
A3_clean_residual,cd078054,clean,
A3_clean_residual,cd070738,clean,
A3_clean_residual,cd101450,clean,
A3_clean_residual,cd094957,clean,
A3_clean_residual,cd013950,clean,
A3_clean_residual,cd110093,clean,
A3_clean_residual,cd021606,drug_name,
A3_clean_residual,cd039761,clean,
A3_clean_residual,cd005528,clean,
A3_clean_residual,cd106154,definitive_diagnosis,
A3_clean_residual,cd016228,clean,
A3_clean_residual,cd038797,clean,
A3_clean_residual,cd091041,definitive_diagnosis,
A3_clean_residual,cd028964,clean,
A3_clean_residual,cd011709,clean,
A3_clean_residual,cd035039,clean,
A3_clean_residual,cd053869,truncated_or_empty,
A3_clean_residual,cd055773,clean,
A3_clean_residual,cd009324,supplement,
A3_clean_residual,cd008548,clean,
A3_clean_residual,cd087231,clean,
A3_clean_residual,cd014284,clean,
A3_clean_residual,cd010555,clean,
A3_clean_residual,cd030906,definitive_diagnosis,
A3_clean_residual,cd101419,drug_name,"Evil, Lyrics, Polite / Erosion"
A3_clean_residual,cd103288,clean,
A3_clean_residual,cd010712,clean,
A3_clean_residual,cd088105,clean,
A3_clean_residual,cd090258,clean,
A3_clean_residual,cd015664,clean,
A3_clean_residual,cd076038,truncated_or_empty,
A3_clean_residual,cd017523,clean,
A3_clean_residual,cd062587,truncated_or_empty,
A3_clean_residual,cd050680,clean,
A3_clean_residual,cd057360,clean,
A3_clean_residual,cd065122,clean,
A3_clean_residual,cd042033,drug_name,
A3_clean_residual,cd006406,definitive_diagnosis,
A3_clean_residual,cd110140,truncated_or_empty,
A3_clean_residual,cd026608,otc_product,
A3_clean_residual,cd009300,definitive_diagnosis,
A3_clean_residual,cd024390,clean,
A3_clean_residual,cd028862,clean,
A3_clean_residual,cd069253,clean,
A3_clean_residual,cd007613,clean,
A3_clean_residual,cd055511,drug_name;dose,President 5000 plus
A3_clean_residual,cd009969,clean,
A3_clean_residual,cd035675,clean,
A3_clean_residual,cd082497,clean,
A3_clean_residual,cd001700,clean,
A3_clean_residual,cd003148,clean,
A3_clean_residual,cd076368,clean,
A3_clean_residual,cd082552,clean,
A3_clean_residual,cd025822,clean,
A3_clean_residual,cd075968,clean,
A3_clean_residual,cd022365,definitive_diagnosis;supplement,
A3_clean_residual,cd039755,definitive_diagnosis,
A3_clean_residual,cd084522,clean,
A3_clean_residual,cd104633,clean,
A3_clean_residual,cd112120,clean,
A3_clean_residual,cd005751,clean,
A3_clean_residual,cd060501,definitive_diagnosis,
A3_clean_residual,cd108353,definitive_diagnosis,
A3_clean_residual,cd093057,drug_name,
A3_clean_residual,cd016731,clean,
A3_clean_residual,cd000519,clean,
A3_clean_residual,cd058325,clean,
A3_clean_residual,cd063034,clean,
A3_clean_residual,cd074482,clean,
A3_clean_residual,cd045976,clean,
A3_clean_residual,cd050283,clean,
A3_clean_residual,cd107588,clean,
A3_clean_residual,cd006837,drug_name,
A3_clean_residual,cd002826,clean,
A3_clean_residual,cd050524,supplement,
A3_clean_residual,cd018182,clean,
A3_clean_residual,cd044969,clean,
A3_clean_residual,cd108332,clean,
A3_clean_residual,cd031444,clean,
A3_clean_residual,cd095622,clean,
A3_clean_residual,cd031613,clean,
A3_clean_residual,cd106526,clean,
A3_clean_residual,cd042829,clean,
A3_clean_residual,cd059495,truncated_or_empty,
A3_clean_residual,cd086448,drug_name,Humor HP 75
A3_clean_residual,cd085715,clean,
A3_clean_residual,cd019888,clean,
A3_clean_residual,cd100420,clean,
A3_clean_residual,cd098577,drug_name,stolen gum paint
A3_clean_residual,cd002386,clean,
A3_clean_residual,cd004340,clean,
A3_clean_residual,cd067685,clean,
A3_clean_residual,cd066974,clean,
A3_clean_residual,cd010810,clean,
A3_clean_residual,cd022663,clean,
A3_clean_residual,cd080816,clean,
A3_clean_residual,cd034507,truncated_or_empty,
A3_clean_residual,cd029349,truncated_or_empty,
A3_clean_residual,cd004112,clean,
A3_clean_residual,cd051174,clean,
A3_clean_residual,cd035385,clean,
A3_clean_residual,cd100825,drug_name;definitive_diagnosis,stolen gum paint
A3_clean_residual,cd009999,clean,
A3_clean_residual,cd035520,clean,
A3_clean_residual,cd031653,clean,
A3_clean_residual,cd088549,clean,
A3_clean_residual,cd045989,clean,
A3_clean_residual,cd056451,clean,
A3_clean_residual,cd002751,clean,
A3_clean_residual,cd013068,clean,
A3_clean_residual,cd111956,clean,
A3_clean_residual,cd027510,clean,
A3_clean_residual,cd102177,clean,
A3_clean_residual,cd092224,otc_product,
A3_clean_residual,cd104506,clean,
A3_clean_residual,cd014351,clean,
A3_clean_residual,cd013173,clean,
A3_clean_residual,cd067901,clean,
A3_clean_residual,cd021414,clean,
A3_clean_residual,cd046171,clean,
A3_clean_residual,cd055153,clean,
A3_clean_residual,cd084607,clean,
A3_clean_residual,cd091536,clean,
A3_clean_residual,cd014628,clean,
A3_clean_residual,cd050924,clean,
A3_clean_residual,cd039019,clean,
A3_clean_residual,cd031632,truncated_or_empty,
A3_clean_residual,cd027263,clean,
A4_over_removal,cd088605,justified,
A4_over_removal,cd091355,justified,
A4_over_removal,cd088457,justified,
A4_over_removal,cd002402,justified,
A4_over_removal,cd057803,borderline,
A4_over_removal,cd095073,justified,
A4_over_removal,cd016155,justified,
A4_over_removal,cd003336,justified,
A4_over_removal,cd011334,justified,
A4_over_removal,cd004275,justified,
A4_over_removal,cd023918,borderline,
A4_over_removal,cd055177,justified,
A4_over_removal,cd065381,justified,
A4_over_removal,cd062128,borderline,
A4_over_removal,cd037645,wrongly_dropped,hedged; advises against self-medication
A4_over_removal,cd074620,wrongly_dropped,saline gargle only
A4_over_removal,cd022667,borderline,
A4_over_removal,cd000102,justified,
A4_over_removal,cd094380,justified,
A4_over_removal,cd031382,justified,
A4_over_removal,cd070701,justified,
A4_over_removal,cd005799,justified,
A4_over_removal,cd098681,wrongly_dropped,saline gargle frequency hit dose regex
A4_over_removal,cd107262,borderline,
A4_over_removal,cd029818,justified,
A4_over_removal,cd084616,borderline,
A4_over_removal,cd111649,justified,
A4_over_removal,cd092298,justified,
A4_over_removal,cd080704,wrongly_dropped,generic mouthwash/gum paint
A4_over_removal,cd015620,wrongly_dropped,saline frequency
A4_over_removal,cd024693,justified,
A4_over_removal,cd075557,justified,
A4_over_removal,cd101958,borderline,
A4_over_removal,cd067890,justified,
A4_over_removal,cd050797,justified,
A4_over_removal,cd048995,wrongly_dropped,saline frequency
A4_over_removal,cd052946,justified,
A4_over_removal,cd050788,justified,
A4_over_removal,cd106069,borderline,
A4_over_removal,cd100671,justified,
A4_over_removal,cd027813,justified,
A4_over_removal,cd032696,borderline,
A4_over_removal,cd026943,wrongly_dropped,generic mouthwash
A4_over_removal,cd061221,justified,
A4_over_removal,cd034466,justified,
A4_over_removal,cd106472,justified,
A4_over_removal,cd105255,justified,
A4_over_removal,cd078511,justified,
A4_over_removal,cd045654,justified,
A4_over_removal,cd003824,justified,
A4_over_removal,cd050299,justified,
A4_over_removal,cd008257,justified,
A4_over_removal,cd105415,justified,
A4_over_removal,cd068605,wrongly_dropped,"antibiotics named as a cause, not advised"
A4_over_removal,cd082672,justified,
A4_over_removal,cd053643,justified,
A4_over_removal,cd042726,justified,
A4_over_removal,cd101269,justified,
A4_over_removal,cd103471,justified,
A4_over_removal,cd100057,justified,
A4_over_removal,cd051980,justified,
A4_over_removal,cd105396,justified,
A4_over_removal,cd006955,justified,
A4_over_removal,cd088911,justified,
A4_over_removal,cd003385,justified,
A4_over_removal,cd074858,justified,
A4_over_removal,cd047019,wrongly_dropped,generic mouthwash
A4_over_removal,cd028035,wrongly_dropped,calcium level
A4_over_removal,cd093552,justified,
A4_over_removal,cd056297,justified,
A4_over_removal,cd073960,justified,
A4_over_removal,cd089583,justified,
A4_over_removal,cd108321,justified,
A4_over_removal,cd017399,justified,
A4_over_removal,cd086486,wrongly_dropped,generic mouthwash
A4_over_removal,cd052213,justified,
A4_over_removal,cd049502,wrongly_dropped,generic OTC anti-inflammatory
A4_over_removal,cd077702,justified,
A4_over_removal,cd094146,wrongly_dropped,salt-water recipe
A4_over_removal,cd050240,justified,
A4_over_removal,cd045886,justified,
A4_over_removal,cd059094,justified,
A4_over_removal,cd050075,justified,
A4_over_removal,cd091137,justified,
A4_over_removal,cd055131,justified,
A4_over_removal,cd020660,justified,
A4_over_removal,cd089454,borderline,
A4_over_removal,cd002813,justified,
A4_over_removal,cd012635,justified,
A4_over_removal,cd092990,justified,
A4_over_removal,cd097410,wrongly_dropped,generic anti-inflammatory
A4_over_removal,cd099070,justified,
A4_over_removal,cd019920,justified,
A4_over_removal,cd050882,justified,
A4_over_removal,cd073281,justified,
A4_over_removal,cd089777,borderline,
A4_over_removal,cd095389,wrongly_dropped,antibiotics named as cause of stains
A4_over_removal,cd065200,wrongly_dropped,topical fluoride + mouthwash
A4_over_removal,cd020858,justified,
A4_over_removal,cd029567,justified,
