patient,file,view
1,image_2025-11-05_12-32-58.jpg,upper
1,image_2025-11-05_12-33-02.jpg,upper
1,image_2025-11-05_12-33-04.jpg,upper
1,image_2025-11-05_12-33-05.jpg,upper
1,image_2025-11-05_12-35-19.jpg,upper
1,image_2025-11-05_12-35-50.jpg,upper
1,image_2025-11-05_12-35-52.jpg,upper
1,image_2025-11-05_12-36-31 (2).jpg,lower
1,image_2025-11-05_12-36-31 (3).jpg,lower
1,image_2025-11-05_12-36-42 (1).jpg,lower
1,image_2025-11-05_12-36-42.jpg,lower
1,image_2025-11-05_12-37-23.jpg,lower
1,image_2025-11-05_12-37-26.jpg,lower
1,image_2025-11-05_12-37-27 (1).jpg,lower
1,image_2025-11-05_12-37-27.jpg,lower
1,image_2025-11-05_12-37-28.jpg,lower
5,image_2025-11-05_13-03-13.jpg,upper
5,image_2025-11-05_13-03-14.jpg,upper
5,image_2025-11-05_13-03-16.jpg,upper
5,image_2025-11-05_13-03-19.jpg,upper
5,image_2025-11-05_13-03-38.jpg,lower
5,image_2025-11-05_13-03-39.jpg,lower
5,image_2025-11-05_13-03-40.jpg,lower
10,image_2025-11-05_13-11-28.jpg,upper
10,image_2025-11-05_13-11-31.jpg,upper
10,image_2025-11-05_13-11-33.jpg,upper
10,image_2025-11-05_13-12-01.jpg,lower
10,image_2025-11-05_13-12-03.jpg,lower
10,image_2025-11-05_13-12-06.jpg,lower
10,image_2025-11-05_13-12-09.jpg,lower
10,image_2025-11-05_13-12-11.jpg,lower
12,image_2025-11-05_13-17-15.jpg,upper
12,image_2025-11-05_13-17-22.jpg,upper
12,image_2025-11-05_13-17-42.jpg,upper
12,image_2025-11-05_13-17-44.jpg,upper
12,image_2025-11-05_13-18-01.jpg,lower
12,image_2025-11-05_13-18-02.jpg,lower
12,image_2025-11-05_13-18-05.jpg,lower
12,image_2025-11-05_13-18-07.jpg,lower
13,image_2025-11-05_13-19-12.jpg,upper
13,image_2025-11-05_13-19-43.jpg,upper
13,image_2025-11-05_13-20-06.jpg,upper
13,image_2025-11-05_13-20-07.jpg,upper
13,image_2025-11-05_13-20-12.jpg,upper
13,image_2025-11-05_13-20-43.jpg,upper
13,image_2025-11-05_13-20-45.jpg,upper
13,image_2025-11-05_13-21-02.jpg,lower
13,image_2025-11-05_13-21-03.jpg,lower
13,image_2025-11-05_13-21-05.jpg,lower
13,image_2025-11-05_13-21-07.jpg,lower
15,image_2025-11-05_13-23-22.jpg,upper
15,image_2025-11-05_13-23-25.jpg,upper
15,image_2025-11-05_13-23-28.jpg,upper
15,image_2025-11-05_13-23-29.jpg,upper
15,image_2025-11-05_13-23-30.jpg,upper
15,image_2025-11-05_13-23-31.jpg,upper
15,image_2025-11-05_13-23-34.jpg,upper
15,image_2025-11-05_13-23-36.jpg,upper
15,image_2025-11-05_13-24-08.jpg,lower
15,image_2025-11-05_13-24-09.jpg,lower
15,image_2025-11-05_13-24-13.jpg,lower
15,image_2025-11-05_13-24-14.jpg,lower
15,image_2025-11-05_13-24-15.jpg,lower
17,image_2025-11-05_14-03-27.jpg,lower
17,image_2025-11-05_14-03-30.jpg,lower
17,image_2025-11-05_14-03-31.jpg,lower
17,image_2025-11-05_14-03-51.jpg,upper
17,image_2025-11-05_14-03-52.jpg,upper
17,image_2025-11-05_14-03-58.jpg,upper
17,image_2025-11-05_14-04-03.jpg,upper
17,image_2025-11-05_14-04-04.jpg,upper
17,image_2025-11-05_14-04-05.jpg,upper
19,image_2025-11-05_14-09-21.jpg,lower
19,image_2025-11-05_14-09-22.jpg,lower
19,image_2025-11-05_14-09-25.jpg,lower
19,image_2025-11-05_14-09-28.jpg,lower
19,image_2025-11-05_14-09-31.jpg,lower
19,image_2025-11-05_14-09-32.jpg,lower
19,image_2025-11-05_14-09-33.jpg,lower
19,image_2025-11-05_14-09-54.jpg,upper
19,image_2025-11-05_14-10-01.jpg,upper
19,image_2025-11-05_14-10-05.jpg,upper
19,image_2025-11-05_14-10-25.jpg,upper
19,image_2025-11-05_14-10-35.jpg,upper
19,image_2025-11-05_14-10-37.jpg,upper
19,image_2025-11-05_14-10-38.jpg,upper
19,image_2025-11-05_14-10-39.jpg,upper
20,image_2025-11-05_14-12-19.jpg,upper
20,image_2025-11-05_14-12-54.jpg,upper
20,image_2025-11-05_14-12-57.jpg,upper
20,image_2025-11-05_14-12-58.jpg,upper
20,image_2025-11-05_14-13-43.jpg,upper
20,image_2025-11-05_14-13-50.jpg,upper
20,image_2025-11-05_14-13-51.jpg,upper
20,image_2025-11-05_14-13-54.jpg,upper
20,image_2025-11-05_14-13-55.jpg,upper
20,image_2025-11-05_14-14-26.jpg,lower
20,image_2025-11-05_14-14-27.jpg,lower
20,image_2025-11-05_14-14-28.jpg,lower
20,image_2025-11-05_14-14-29.jpg,lower
20,image_2025-11-05_14-14-30.jpg,lower
25,image_2025-11-05_14-27-01.jpg,upper
25,image_2025-11-05_14-27-05.jpg,upper
25,image_2025-11-05_14-27-07.jpg,upper
25,image_2025-11-05_14-27-23.jpg,upper
25,image_2025-11-05_14-27-25.jpg,upper
25,image_2025-11-05_14-27-28.jpg,upper
25,image_2025-11-05_14-27-29.jpg,upper
25,image_2025-11-05_14-27-30.jpg,upper
25,image_2025-11-05_14-27-44.jpg,lower
25,image_2025-11-05_14-27-46.jpg,lower
25,image_2025-11-05_14-27-49.jpg,lower
25,image_2025-11-05_14-27-50.jpg,lower
25,image_2025-11-05_14-27-51.jpg,lower
25,image_2025-11-05_14-27-55.jpg,lower
25,image_2025-11-05_14-27-56.jpg,lower
28,image_2025-11-05_14-38-46.jpg,upper
28,image_2025-11-05_14-38-48.jpg,upper
28,image_2025-11-05_14-39-20.jpg,upper
28,image_2025-11-05_14-39-25.jpg,upper
28,image_2025-11-05_14-39-26.jpg,upper
28,image_2025-11-05_14-39-28.jpg,upper
28,image_2025-11-05_14-39-31.jpg,upper
28,image_2025-11-05_14-39-32.jpg,upper
28,image_2025-11-05_14-39-58.jpg,lower
28,image_2025-11-05_14-39-59.jpg,lower
28,image_2025-11-05_14-40-04.jpg,lower
28,image_2025-11-05_14-40-07.jpg,lower
28,image_2025-11-05_14-40-08.jpg,lower
28,image_2025-11-05_14-40-13.jpg,lower
28,image_2025-11-05_14-40-14.jpg,lower
28,image_2025-11-05_14-40-16.jpg,lower
30,image_2025-11-05_14-43-07.jpg,upper
30,image_2025-11-05_14-43-13.jpg,upper
30,image_2025-11-05_14-43-15.jpg,upper
30,image_2025-11-05_14-43-19.jpg,upper
30,image_2025-11-05_14-43-21.jpg,upper
30,image_2025-11-05_14-43-45.jpg,lower
30,image_2025-11-05_14-43-46.jpg,lower
30,image_2025-11-05_14-43-47.jpg,lower
30,image_2025-11-05_14-43-48.jpg,lower
