audit,id,red_flag_present,fields,note
p10_red_flag,cd008579,no,,
p10_red_flag,cd048010,no,,
p10_red_flag,cd103697,no,,
p10_red_flag,cd093586,no,,
p10_red_flag,cd042317,no,,
p10_red_flag,cd021400,no,,
p10_red_flag,cd103292,yes,swelling,
p10_red_flag,cd002155,no,,
p10_red_flag,cd057581,no,,
p10_red_flag,cd014725,yes,swelling,
p10_red_flag,cd060455,yes,swelling,
p10_red_flag,cd076262,no,,
p10_red_flag,cd081345,no,,
p10_red_flag,cd057553,no,,
p10_red_flag,cd003087,yes,swelling,
p10_red_flag,cd083980,no,,
p10_red_flag,cd032318,no,,"wrist swelling, not facial - keyword distractor"
p10_red_flag,cd045023,no,,
p10_red_flag,cd074911,no,,
p10_red_flag,cd027707,no,,
p10_red_flag,cd079879,yes,swelling,
p10_red_flag,cd072507,no,,
p10_red_flag,cd012361,yes,swelling,chronic bony bulge described as swollen
p10_red_flag,t2-30,no,,
p10_red_flag,cd084147,unclear,,
p10_red_flag,cd004440,yes,swelling,
p10_red_flag,cd087875,no,,
p10_red_flag,cd000417,no,,
p10_red_flag,cd104886,no,,
p10_red_flag,cd081819,no,,
p10_red_flag,cd058537,no,,
p10_red_flag,cd066813,no,,tongue ulcer over a month - persistent_ulcer row
p10_red_flag,cd066681,yes,systemically_unwell,
p10_red_flag,cd056488,yes,difficulty_swallowing_or_breathing;chest_pain_or_breathless,
p10_red_flag,cd017005,no,,
p10_red_flag,cd077905,no,,
p10_red_flag,cd088014,no,,
p10_red_flag,cd056433,yes,swelling,
p10_red_flag,cd107923,yes,swelling,
p10_red_flag,cd099129,no,,
p10_red_flag,cd058876,no,,
p10_red_flag,cd076845,no,,
p10_red_flag,cd104042,no,,
p10_red_flag,cd056508,unclear,,
p10_red_flag,cd066587,no,,
p10_red_flag,cd104428,unclear,,"neck lump, not face/jaw/gum"
p10_red_flag,cd049515,no,,
p10_red_flag,cd053058,no,,
p10_red_flag,cd033401,yes,swelling;fever,
p10_red_flag,cd062932,yes,swelling,
p10_red_flag,cd104675,yes,difficulty_swallowing_or_breathing;chest_pain_or_breathless,
p10_red_flag,cd019668,no,,"cannot open mouth wider than one finger - trismus, no checklist row"
p10_red_flag,cd060753,yes,swelling,
p10_red_flag,cd108160,yes,systemically_unwell,"fainting, non-dental question"
p10_red_flag,cd097653,no,,
p10_red_flag,cd062442,no,,
p10_red_flag,cd032744,no,,
p10_red_flag,cd073326,no,,
p10_red_flag,cd065991,no,,
p10_red_flag,cd005159,yes,swelling,
p10_red_flag,cd065570,yes,swelling,
p10_red_flag,cd053587,unclear,,lump above collar bone
p10_red_flag,cd107009,yes,swelling,
p10_red_flag,cd106372,no,,
p10_red_flag,cd007902,no,,
p10_red_flag,cd096639,no,,tongue lump 2-3 months - persistent_ulcer row
p10_red_flag,cd109764,no,,
p10_red_flag,cd015137,yes,fever,
p10_red_flag,cd085542,yes,swelling,
p10_red_flag,cd092044,no,,
p10_red_flag,cd096794,no,,
p10_red_flag,cd095700,no,,
p10_red_flag,cd032406,unclear,,
p10_red_flag,cd103706,yes,swelling;fever,
p10_red_flag,cd011729,no,,
p10_red_flag,cd007505,no,,
p10_red_flag,cd006064,unclear,,
p10_red_flag,cd092626,yes,swelling;exceeded_pain_relief_dose,
p10_red_flag,cd093866,unclear,,movable lump under jaw line
p10_red_flag,cd074550,no,,
p10_red_flag,cd097075,no,,
p10_red_flag,cd082685,no,,
p10_red_flag,cd021584,no,,
p10_red_flag,cd086299,no,,
p10_red_flag,cd083138,unclear,,
p10_red_flag,cd000255,no,,
p10_red_flag,cd103455,no,,
p10_red_flag,cd067712,yes,swelling,
p10_red_flag,cd073823,no,,
p10_red_flag,cd023901,no,,
p10_red_flag,cd021087,yes,swelling,
p10_red_flag,cd027997,no,,
p10_red_flag,cd093293,yes,swelling;fever,
p10_red_flag,cd032294,no,,
p10_red_flag,cd052044,no,,
p10_red_flag,cd064124,yes,swelling,
p10_red_flag,cd035306,no,,
p10_red_flag,cd021658,yes,chest_pain_or_breathless,
p10_red_flag,cd076852,no,,
p10_red_flag,cd105645,no,,
p10_red_flag,cd103944,no,,
p10_red_flag,cd019266,no,,
p10_red_flag,cd025132,yes,swelling,
p10_red_flag,cd080468,no,,
p10_red_flag,cd021809,yes,fever,"fever, non-dental question"
p10_red_flag,cd107616,unclear,,
p10_red_flag,cd097544,no,,
p10_red_flag,cd030671,unclear,,
p10_red_flag,cd059741,no,,
p10_red_flag,cd010385,unclear,,
p10_red_flag,cd097885,no,,
p10_red_flag,cd029649,unclear,,
p10_red_flag,cd045438,yes,swelling,
p10_red_flag,cd107837,no,,
p10_red_flag,cd063526,no,,
p10_red_flag,cd109710,no,,
p10_red_flag,cd093682,no,,
p10_red_flag,cd023338,unclear,,
p10_red_flag,cd020176,yes,systemically_unwell,"flu symptoms, non-dental question"
p10_red_flag,cd034698,no,,
p10_red_flag,cd106554,no,,
p10_red_flag,cd069439,unclear,,
p10_red_flag,cd023315,no,,double vision with jaw numbness - not a checklist row
p10_red_flag,cd024327,no,,
p10_red_flag,cd089942,yes,swelling,
p10_red_flag,cd058531,no,,
p10_red_flag,cd101182,no,,
p10_red_flag,cd074032,yes,swelling,
p10_red_flag,cd046511,no,,
p10_red_flag,cd040905,no,,
p10_red_flag,cd038616,yes,swelling,
p10_red_flag,cd103600,no,,
p10_red_flag,cd024989,no,,
p10_red_flag,cd020189,yes,systemically_unwell;difficulty_swallowing_or_breathing,
p10_red_flag,cd053390,yes,swelling,
p10_red_flag,cd033388,unclear,,
p10_red_flag,cd035773,no,,
p10_red_flag,cd106104,no,,
p10_red_flag,cd044300,no,,
p10_red_flag,cd058153,no,,
p10_red_flag,cd072145,no,,
p10_red_flag,cd028424,no,,
p10_red_flag,cd075650,unclear,,
p10_red_flag,cd085426,no,,
p10_red_flag,cd092298,no,,
p10_red_flag,cd083268,no,,
p10_red_flag,cd034157,no,,
p10_red_flag,cd003346,no,,
p10_red_flag,cd093509,no,,
p10_red_flag,cd011363,yes,recent_trauma,
p10_red_flag,cd100204,no,,
p10_red_flag,cd060380,no,,
p10_red_flag,cd092146,no,,
p10_red_flag,cd106686,yes,swelling,
p10_red_flag,cd063813,yes,swelling,
p10_red_flag,cd007441,no,,"dog bite to the leg, not the mouth"
p10_red_flag,cd015849,no,,
p10_red_flag,cd046265,no,,
p10_red_flag,cd085777,unclear,,
p10_red_flag,cd003212,no,,
p10_red_flag,cd045458,no,,
p10_red_flag,cd063519,no,,
p10_red_flag,cd108321,no,,
p10_red_flag,cd099872,no,,
p10_red_flag,cd073994,no,,
p10_red_flag,cd007678,no,,
p10_red_flag,cd013512,unclear,,
p10_red_flag,cd086329,no,,
p10_red_flag,cd052742,no,,
p10_red_flag,cd073175,no,,
p10_red_flag,cd060014,yes,swelling,
p10_red_flag,cd051612,no,,"trismus after extraction, no swelling stated"
p10_red_flag,cd091407,unclear,,
p10_red_flag,cd002063,no,,
p10_red_flag,cd085049,unclear,,
p10_red_flag,cd043669,no,,
p10_red_flag,cd103964,no,,
p10_red_flag,cd002832,yes,swelling;fever,
p10_red_flag,cd085795,yes,swelling,
p10_red_flag,cd054935,yes,swelling,swelling present 3 months
p10_red_flag,cd069070,no,,"dog bite to the leg, not the mouth"
p10_red_flag,cd007983,no,,
p10_red_flag,cd067794,yes,swelling;recent_trauma,
p10_red_flag,cd093737,no,,"painkillers not helping - urgent, but not a red flag"
p10_red_flag,cd033900,unclear,,
p10_red_flag,cd014298,unclear,,
p10_red_flag,cd052922,no,,
p10_red_flag,cd086667,no,,"ulcer on and off for a year - persistent_ulcer row, not a red flag"
p10_red_flag,cd086215,no,,
p10_red_flag,cd016551,no,,
p10_red_flag,cd087605,no,,
p10_red_flag,cd052820,unclear,,
p10_red_flag,cd091971,no,,
p10_red_flag,cd105269,no,,
p10_red_flag,cd067164,yes,chest_pain_or_breathless,
p10_red_flag,cd072523,no,,
p10_red_flag,cd043392,no,,
p10_red_flag,cd112148,no,,
p10_red_flag,cd066138,no,,
p10_red_flag,cd043334,no,,
